{"cameraMode":{"drawMode":0,"name":"Shaded","section":"Shading Mode"},"sceneLighting":false,"audioPlay":false,"sceneViewState":{"m_AlwaysRefresh":false,"showFog":true,"showSkybox":false,"showFlares":true,"showImageEffects":true,"showParticleSystems":true,"showVisualEffectGraphs":true,"m_FxEnabled":true},"in2DMode":false,"pivot":{"x":-6.083865642547607,"y":3.1675961017608644,"z":-3.634732961654663},"rotation":{"x":0.026695052161812784,"y":0.01229108963161707,"z":0.00033343976247124374,"w":-0.9995712637901306},"size":1.299038290977478,"orthographic":false}