{"cameraMode":{"drawMode":0,"name":"Shaded","section":"Shading Mode"},"sceneLighting":false,"audioPlay":false,"sceneViewState":{"m_AlwaysRefresh":false,"showFog":true,"showSkybox":false,"showFlares":true,"showImageEffects":true,"showParticleSystems":true,"showVisualEffectGraphs":true,"m_FxEnabled":true},"in2DMode":false,"pivot":{"x":-6.083865642547607,"y":3.167595863342285,"z":-3.634732961654663},"rotation":{"x":0.003000059863552451,"y":-0.006303871516138315,"z":-0.000013776379091723356,"w":-0.9999780058860779},"size":1.2247449159622193,"orthographic":false}