{"cameraMode":{"drawMode":0,"name":"Shaded","section":"Shading Mode"},"sceneLighting":true,"audioPlay":false,"sceneViewState":{"m_AlwaysRefresh":false,"showFog":true,"showSkybox":true,"showFlares":true,"showImageEffects":true,"showParticleSystems":true,"showVisualEffectGraphs":true,"m_FxEnabled":true},"in2DMode":false,"pivot":{"x":-3.0298573970794679,"y":9.448485374450684,"z":-29.69786834716797},"rotation":{"x":-0.062401410192251208,"y":0.13253968954086305,"z":-0.008355936035513878,"w":-0.9891777634620667},"size":0.8660253882408142,"orthographic":false}