{"cameraMode":{"drawMode":0,"name":"Shaded","section":"Shading Mode"},"sceneLighting":true,"audioPlay":false,"sceneViewState":{"m_AlwaysRefresh":false,"showFog":true,"showSkybox":true,"showFlares":true,"showImageEffects":true,"showParticleSystems":true,"showVisualEffectGraphs":true,"m_FxEnabled":true},"in2DMode":false,"pivot":{"x":0.15429703891277314,"y":0.7126017808914185,"z":-5.718997001647949},"rotation":{"x":-0.025398924946784974,"y":0.08805231004953385,"z":-0.0022390095982700588,"w":-0.9957981109619141},"size":0.8660253882408142,"orthographic":false}