{"cameraMode":{"drawMode":0,"name":"Shaded","section":"Shading Mode"},"sceneLighting":true,"audioPlay":false,"sceneViewState":{"m_AlwaysRefresh":false,"showFog":true,"showSkybox":true,"showFlares":true,"showImageEffects":true,"showParticleSystems":true,"showVisualEffectGraphs":true,"m_FxEnabled":true},"in2DMode":false,"pivot":{"x":-6.139370441436768,"y":0.6957595944404602,"z":-22.853816986083986},"rotation":{"x":0.016491271555423738,"y":0.031186457723379136,"z":0.0005192416138015688,"w":-0.9993839263916016},"size":0.8660255670547485,"orthographic":false}