{"cameraMode":{"drawMode":0,"name":"Shaded","section":"Shading Mode"},"sceneLighting":false,"audioPlay":false,"sceneViewState":{"m_AlwaysRefresh":false,"showFog":true,"showSkybox":false,"showFlares":true,"showImageEffects":true,"showParticleSystems":true,"showVisualEffectGraphs":true,"m_FxEnabled":true},"in2DMode":false,"pivot":{"x":-3.029857635498047,"y":9.448485374450684,"z":-29.69786834716797},"rotation":{"x":0.003000059863552451,"y":-0.006303871516138315,"z":-0.000013776379091723356,"w":-0.9999780058860779},"size":7.071067810058594,"orthographic":false}